"_default_129qs_2 href","woo-avatar-img src","_default_129qs_2","_none_129qs_13 href","text","woo-box-flex","woo-box-flex 2","woo-like-count","_custom_we3qj_54 src"
"https://weibo.com/u/2868676035","https://tvax4.sinaimg.cn/crop.0.0.180.180.50/aafc85c3ly8h8vg6ezotfj2050050dfn.jpg?KID=imgbed,tva&Expires=1783333424&ssig=5zZ8TjAGwI","财联社APP","https://weibo.com/u/2868676035","#金山办公回应滥收费背刺用户等言论#","26-7-6 11:01","","",""
"https://weibo.com/u/1300691931","https://tvax4.sinaimg.cn/crop.0.0.512.512.50/4d86fbdbly8hzn9sqpxrhj20e80e8q33.jpg?KID=imgbed,tva&Expires=1783333424&ssig=p1zn%2FEBsaH","宏伟金本尊","","这个回应，明显是用话术来回避问题：第一，大家说的是wps大量占用C盘，这与基础功能是否收费，没有关联性。金山应该解释的是为什么大量占用C盘。第二，用户交了费，但发现各种功能还要单独收费，价格体系混乱，价格说明不清晰，这与基础功能是否收费同样没有关联性。第三，捆绑很多功能，占用内存，还","26-7-6 11:09","来自北京","25",""
"https://weibo.com/u/5726497926","https://tvax1.sinaimg.cn/crop.0.0.794.794.50/006fxNHMly8h6oox47mhkj30m20m2t9b.jpg?KID=imgbed,tva&Expires=1783333424&ssig=fJZYENWs8%2B","小石和小鱼","","雷氏回复法，规避问题，就想安徽池州三人事件中，从不回复智驾、电池问题","26-7-6 13:37","来自安徽","5",""
"https://weibo.com/u/1886820314","https://tvax3.sinaimg.cn/crop.0.0.512.512.50/707697daly8h8054luq62j20e80e8t9d.jpg?KID=imgbed,tva&Expires=1783333424&ssig=svTIyr97Vr","桐凝慧梦","https://page.star.weibo.com/z/bigFans?showmenu=0&blogger_uid=2868676035&fans_uid=1886820314","C占用毒害","26-7-6 11:47","来自海南","2","https://h5.sinaimg.cn/upload/114/962/2022/07/08/member_0_bigfan1_4.png"
"https://weibo.com/u/7881736003","https://tvax1.sinaimg.cn/crop.0.0.132.132.50/008BoXAfly4hji3gd7i3tj303o03odfm.jpg?KID=imgbed,tva&Expires=1783333424&ssig=AudV42196U","cheung202311","https://page.star.weibo.com/z/bigFans?showmenu=0&blogger_uid=2868676035&fans_uid=7881736003","就不好好回答问题","26-7-6 11:03","来自湖北","1","https://h5.sinaimg.cn/upload/114/962/2022/07/08/member_0_bigfan3_1.png"
"https://weibo.com/u/7093963131","https://tvax4.sinaimg.cn/crop.0.0.500.500.50/007K5xSbly8hvsnmufy34j30dw0dwgmt.jpg?KID=imgbed,tva&Expires=1783333424&ssig=ZdjDs5p7Ot","听我啰哩啰嗦","","好骄傲啊","26-7-6 14:34","来自北京","",""
"https://weibo.com/u/1830824805","https://tvax2.sinaimg.cn/crop.0.0.1080.1080.50/6d202b65ly8idl17dhjspj20u00u0jt0.jpg?KID=imgbed,tva&Expires=1783333424&ssig=hjyLnxvVcG","数字中的世界","https://page.star.weibo.com/z/bigFans?showmenu=0&blogger_uid=2868676035&fans_uid=1830824805","干嘛不用Offfice？","26-7-6 13:01","来自河南","1","https://h5.sinaimg.cn/upload/114/962/2022/07/08/member_0_bigfan1_4.png"
"https://weibo.com/u/1735413122","https://tvax4.sinaimg.cn/crop.0.0.996.996.50/67704d82ly8godlidt3t1j20ro0roq9t.jpg?KID=imgbed,tva&Expires=1783333424&ssig=%2F%2BrIAlfH6v","一一如既往一一kam","","其实有什么能替代WPS的？","26-7-6 12:55","来自广东","",""
"https://weibo.com/u/7774971258","https://tvax4.sinaimg.cn/crop.0.0.1002.1002.50/008uaZcely8h4dx98jiizj30ru0rudha.jpg?KID=imgbed,tva&Expires=1783333424&ssig=Ds0MJL29ZD","Cayde-8","","筛选里看数量的功能我怎么记得是免费的，后来给挪到vip功能里了","26-7-6 12:39","来自辽宁","",""
"https://weibo.com/u/7612962878","https://tvax1.sinaimg.cn/crop.0.0.1074.1074.50/008jddpQly8hufzwlj4y5j30tu0tuzls.jpg?KID=imgbed,tva&Expires=1783333424&ssig=tjzbzqkx4h","每日新瓜瓜","https://page.star.weibo.com/z/bigFans?showmenu=0&blogger_uid=2868676035&fans_uid=7612962878","雨田君的企业只能看他吹， 不能用，也不能买","26-7-6 11:04","来自广东","3","https://h5.sinaimg.cn/upload/114/962/2022/07/08/member_0_bigfan1_3.png"
"https://weibo.com/u/1791493830","https://tva1.sinaimg.cn/crop.0.0.180.180.50/6ac806c6jw1e8qgp5bmzyj2050050aa8.jpg?KID=imgbed,tva&Expires=1783333424&ssig=IWd%2BYfDDx4","白哥不是白鸽8","https://page.star.weibo.com/z/bigFans?showmenu=0&blogger_uid=2868676035&fans_uid=1791493830","转发微博","26-7-6 15:06","来自广东","","https://h5.sinaimg.cn/upload/114/962/2022/07/08/member_0_bigfan2_1.png"